technology_id,name,aliases,icon_slug
"python","Python","python|py","python"
"kotlin","Kotlin","kotlin|kt","kotlin"
"scala","Scala","scala","scala"
"csharp","C#","csharp|c-sharp|.net|dotnet","sharp"
"fsharp","F#","fsharp|f-sharp","fsharp"
"go","Go","golang","go"
"rust","Rust","rustlang","rust"
"c","C","c-lang","cplusplus"
"cplusplus","C++","cpp|cxx","cplusplus"
"swift","Swift","swift","swift"
"dart","Dart","dart","dart"
"javascript","JavaScript","javascript|js|ecmascript","javascript"
"typescript","TypeScript","typescript|ts","typescript"
"php","PHP","php","php"
"ruby","Ruby","ruby","ruby"
"elixir","Elixir","elixir","elixir"
"erlang","Erlang","erlang","erlang"
"clojure","Clojure","clojure|clj","clojure"
"haskell","Haskell","haskell","haskell"
"lua","Lua","lua","lua"
"r","R","r-lang|rstats","r"
"julia","Julia","julia","julia"
"bash","Bash","shell|bash|sh","shell"
"delphi","Delphi","object pascal|pascal|delphi","delphi"
"react","React","reactjs|react.js","react"
"angular","Angular","angular|angularjs","angular"
"vue-js","Vue.js","vue|vuejs|vue.js","vuedotjs"
"svelte","Svelte","sveltejs","svelte"
"next-js","Next.js","nextjs|next.js","nextdotjs"
"nuxt","Nuxt","nuxtjs|nuxt.js","nuxt"
"remix","Remix","remix.run|remix","remix"
"astro","Astro","astro.build|astro","astro"
"solidjs","SolidJS","solid|solidjs|solid-js","solid"
"qwik","Qwik","qwik|qwikjs","qwik"
"lit","Lit","lit-element|lit-html|lit","lit"
"htmx","HTMX","htmx|htmx.org","htmx"
"jquery","jQuery","jquery","jquery"
"redux","Redux","redux|redux-toolkit|rtk","redux"
"mobx","MobX","mobx","mobx"
"pinia","Pinia","pinia","pinia"
"rxjs","RxJS","rxjs","reactivex"
"tanstack-query","TanStack Query","react-query|tanstack query|@tanstack/react-query","reactquery"
"tailwind-css","Tailwind CSS","tailwind|tailwindcss","tailwindcss"
"bootstrap","Bootstrap","bootstrap","bootstrap"
"material-ui","Material UI","mui|material-ui|@mui","mui"
"ant-design","Ant Design","antd|ant-design","antdesign"
"chakra-ui","Chakra UI","chakra|chakra-ui","chakraui"
"shadcn-ui","shadcn/ui","shadcn|shadcn-ui","shadcnui"
"storybook","Storybook","storybook","storybook"
"fastapi","FastAPI","fastapi","fastapi"
"django","Django","django","django"
"flask","Flask","flask","flask"
"pydantic","Pydantic","pydantic","pydantic"
"sqlalchemy","SQLAlchemy","sqlalchemy","sqlalchemy"
"celery","Celery","celery","celery"
"gunicorn","Gunicorn","gunicorn","gunicorn"
"spring-boot","Spring Boot","spring-boot|springboot","springboot"
"spring-framework","Spring Framework","spring","spring_creators"
"quarkus","Quarkus","quarkus","quarkus"
"hibernate","Hibernate","hibernate orm|hibernate","hibernate"
"nestjs","NestJS","nestjs|nest.js|@nestjs","nestjs"
"express","Express","expressjs|express.js|express","express"
"fastify","Fastify","fastify","fastify"
"koa","Koa","koa.js|koa","koa"
"laravel","Laravel","laravel","laravel"
"symfony","Symfony","symfony","symfony"
"ruby-on-rails","Ruby on Rails","rails|rubyonrails","rubyonrails"
"phoenix","Phoenix","phoenix framework|phoenix","phoenixframework"
"gin","Gin","gin-gonic|gin","gin"
"actix-web","Actix Web","actix|actix-web","actix"
"postgresql","PostgreSQL","postgres|postgresql","postgresql"
"mysql","MySQL","mysql","mysql"
"mariadb","MariaDB","mariadb","mariadb"
"sqlite","SQLite","sqlite|sqlite3","sqlite"
"clickhouse","ClickHouse","clickhouse","clickhouse"
"snowflake","Snowflake","snowflake","snowflake"
"bigquery","BigQuery","google bigquery|bigquery","googlebigquery"
"mongodb","MongoDB","mongo|mongodb","mongodb"
"couchbase","Couchbase","couchbase","couchbase"
"cassandra","Cassandra","apache cassandra|cassandra","apachecassandra"
"scylladb","ScyllaDB","scylla|scylladb","scylladb"
"neo4j","Neo4j","neo4j","neo4j"
"redis","Redis","redis","redis"
"elasticsearch","Elasticsearch","elastic|elasticsearch","elasticsearch"
"opensearch","OpenSearch","opensearch","opensearch"
"apache-solr","Apache Solr","solr","apachesolr"
"minio","MinIO","minio","minio"
"apache-kafka","Apache Kafka","kafka","apachekafka"
"rabbitmq","RabbitMQ","rabbit|rabbitmq|amqp","rabbitmq"
"nats","NATS","nats.io|nats","natsdotio"
"apache-pulsar","Apache Pulsar","pulsar","apachepulsar"
"openapi","OpenAPI","swagger|openapi","swagger"
"graphql","GraphQL","graphql","graphql"
"apache-avro","Apache Avro","avro","apacheavro"
"keycloak","Keycloak","keycloak","keycloak"
"hashicorp-vault","HashiCorp Vault","vault|hashicorp vault","vault"
"docker","Docker","docker","docker"
"podman","Podman","podman","podman"
"kubernetes","Kubernetes","k8s|kube|kubernetes","kubernetes"
"openshift","OpenShift","ocp|openshift","redhatopenshift"
"helm","Helm","helm|helm chart","helm"
"terraform","Terraform","terraform|tf","terraform"
"opentofu","OpenTofu","tofu|opentofu","opentofu"
"ansible","Ansible","ansible","ansible"
"pulumi","Pulumi","pulumi","pulumi"
"packer","Packer","hashicorp packer|packer","packer"
"vagrant","Vagrant","vagrant","vagrant"
"git","Git","git","git"
"github-actions","GitHub Actions","github actions|gha","githubactions"
"jenkins","Jenkins","jenkins","jenkins"
"teamcity","TeamCity","teamcity","teamcity"
"flux","Flux","fluxcd|flux cd|flux","flux"
"sonarqube","SonarQube","sonar|sonarqube","sonar"
"snyk","Snyk","snyk","snyk"
"trivy","Trivy","trivy","trivy"
"dependabot","Dependabot","dependabot","dependabot"
"renovate","Renovate","renovatebot|renovate","renovate"
"prometheus","Prometheus","prometheus","prometheus"
"grafana","Grafana","grafana","grafana"
"opentelemetry","OpenTelemetry","otel|open telemetry|opentelemetry","opentelemetry"
"jaeger","Jaeger","jaeger","jaeger"
"fluent-bit","Fluent Bit","fluent-bit|fluentbit","fluentbit"
"fluentd","Fluentd","fluentd","fluentd"
"logstash","Logstash","logstash","logstash"
"kibana","Kibana","kibana","kibana"
"sentry","Sentry","sentry","sentry"
"datadog","Datadog","data dog|datadog","datadog"
"pytest","pytest","py.test|pytest","pytest"
"junit","JUnit","junit|junit5","junit5"
"jest","Jest","jestjs|jest","jest"
"vitest","Vitest","vitest","vitest"
"mocha","Mocha","mochajs|mocha","mocha"
"cypress","Cypress","cypress","cypress"
"selenium","Selenium","selenium webdriver|selenium","selenium"
"k6","k6","grafana k6|k6","k6"
"jmeter","JMeter","apache jmeter|jmeter","apachejmeter"
"gatling","Gatling","gatling","gatling"
"npm","npm","node package manager|npm","npm"
"yarn","Yarn","yarnpkg|yarn","yarn"
"pnpm","pnpm","pnpm","pnpm"
"bun","Bun","bun.sh|bun","bun"
"maven","Maven","apache maven|mvn","apachemaven"
"gradle","Gradle","gradle","gradle"
"nuget","NuGet","nuget","nuget"
"composer","Composer","php composer|composer","composer"
"poetry","Poetry","python poetry|poetry","poetry"
"uv","uv","astral uv|uv package manager","uv"
"cmake","CMake","cmake","cmake"
"make","Make","makefile|gnu make","make"
"vite","Vite","vitejs|vite","vite"
"webpack","Webpack","webpack","webpack"
"rollup","Rollup","rollupjs|rollup","rollupdotjs"
"esbuild","esbuild","esbuild","esbuild"
"nginx","NGINX","nginx","nginx"
"kong","Kong","kong gateway|kong","kong"
"envoy","Envoy","envoy proxy|envoy","envoyproxy"
"apache-spark","Apache Spark","spark|pyspark","apachespark"
"apache-flink","Apache Flink","flink","apacheflink"
"airflow","Airflow","apache airflow|airflow","apacheairflow"
"prefect","Prefect","prefect","prefect"
"pandas","Pandas","pandas","pandas"
"polars","Polars","polars","polars"
"numpy","NumPy","numpy","numpy"
"scipy","SciPy","scipy","scipy"
"scikit-learn","scikit-learn","sklearn|scikit learn","scikitlearn"
"pytorch","PyTorch","torch|pytorch","pytorch"
"tensorflow","TensorFlow","tensorflow|tf","tensorflow"
"keras","Keras","keras","keras"
"hugging-face-transformers","Hugging Face Transformers","transformers|huggingface|hugging face","huggingface"
"langchain","LangChain","langchain","langchain"
"onnx","ONNX","onnx","onnx"
"mlflow","MLflow","mlflow","mlflow"
"markdown","Markdown","md|markdown","markdown"
"sphinx","Sphinx","python sphinx|sphinx","sphinx"
"docusaurus","Docusaurus","docusaurus","docusaurus"
"mermaid","Mermaid","mermaid.js|mermaid","mermaid"
